Date,Close/Last,Volume,Open,High,Low
08/21/2023,14936.69,--,14762.01,14958.87,14739.37
08/18/2023,14694.84,--,14589.71,14744.57,14557.83
08/17/2023,14715.81,--,14943.34,14949.58,14698.29
08/16/2023,14876.47,--,15021.63,15077.05,14874.02
08/15/2023,15037.65,--,15172.08,15192.88,15014.36
08/14/2023,15205.59,--,14988.42,15206.26,14972.01
08/11/2023,15028.07,--,15010.52,15102.53,14973.67
08/10/2023,15128.84,--,15217.29,15366.29,15072.49
08/09/2023,15101.71,--,15286.99,15288.76,15077.91
08/08/2023,15273.05,--,15279.41,15295.80,15148.25
08/07/2023,15407.85,--,15355.62,15410.85,15258.92
08/04/2023,15274.92,--,15420.74,15523.31,15258.69
08/03/2023,15353.54,--,15287.77,15436.59,15270.72
08/02/2023,15370.74,--,15561.15,15561.36,15321.44
08/01/2023,15718.01,--,15696.98,15748.43,15636.57
07/31/2023,15757.00,--,15774.30,15803.55,15702.74
07/28/2023,15750.93,--,15630.17,15788.48,15617.75
07/27/2023,15464.93,--,15734.03,15795.51,15416.05
07/26/2023,15499.26,--,15514.04,15571.16,15411.91
07/25/2023,15561.42,--,15483.06,15622.69,15482.04
07/24/2023,15448.02,--,15475.15,15504.67,15374.66
07/21/2023,15425.67,--,15554.95,15600.54,15410.57
07/20/2023,15466.09,--,15717.67,15771.84,15429.87
07/19/2023,15826.35,--,15888.16,15932.05,15781.96
07/18/2023,15841.35,--,15671.72,15895.68,15607.71
07/17/2023,15713.28,--,15608.28,15745.67,15576.51
07/14/2023,15565.60,--,15610.00,15720.06,15531.00
07/13/2023,15571.98,--,15432.48,15602.74,15420.71
07/12/2023,15307.23,--,15279.35,15364.09,15209.71
07/11/2023,15119.06,--,15068.13,15135.29,14974.16
07/10/2023,15045.64,--,15031.95,15066.44,14924.64
07/07/2023,15036.85,--,15070.50,15210.63,15032.56
07/06/2023,15089.45,--,15054.10,15106.45,14969.14
07/05/2023,15203.78,--,15165.36,15275.18,15162.66
07/03/2023,15208.69,--,15190.54,15232.96,15153.60
06/30/2023,15179.21,--,15085.24,15213.75,15081.57
06/29/2023,14939.95,--,14965.55,14986.89,14876.94
06/28/2023,14964.57,--,14876.25,15051.08,14865.81
06/27/2023,14945.91,--,14751.57,14972.31,14726.75
06/26/2023,14689.02,--,14866.66,14982.82,14687.02
06/23/2023,14891.48,--,14879.23,14983.73,14821.81
06/22/2023,15042.32,--,14797.89,15044.22,14794.95
06/21/2023,14867.45,--,15019.01,15038.90,14826.02
06/20/2023,15070.15,--,15036.48,15127.42,14946.72
06/16/2023,15083.92,--,15272.65,15284.65,15073.45
06/15/2023,15185.48,--,14949.70,15246.62,14930.12
06/14/2023,15005.69,--,14894.10,15017.10,14784.62
06/13/2023,14900.85,--,14911.26,14931.83,14770.14
06/12/2023,14784.30,--,14617.35,14789.60,14571.36
06/09/2023,14528.36,--,14574.24,14672.85,14487.48
06/08/2023,14484.54,--,14319.24,14503.31,14314.69
06/07/2023,14303.29,--,14573.27,14647.91,14283.88
06/06/2023,14558.09,--,14526.10,14593.50,14476.99
06/05/2023,14556.50,--,14550.13,14662.95,14516.88
06/02/2023,14546.64,--,14517.08,14595.81,14442.15
06/01/2023,14441.51,--,14269.09,14493.31,14219.94
05/31/2023,14254.09,--,14293.56,14375.38,14216.16
05/30/2023,14354.99,--,14465.59,14520.17,14301.08
05/26/2023,14298.41,--,13990.55,14329.49,13982.16
05/25/2023,13938.53,--,13920.89,13986.87,13812.18
05/24/2023,13604.48,--,13589.02,13655.73,13520.92
05/23/2023,13672.54,--,13773.68,13827.10,13662.91
05/22/2023,13849.74,--,13805.33,13893.71,13792.97
05/19/2023,13803.49,--,13842.69,13874.42,13763.90
05/18/2023,13834.62,--,13608.95,13844.76,13606.81
05/17/2023,13589.26,--,13474.52,13608.33,13419.35
05/16/2023,13426.01,--,13385.37,13498.44,13384.77
05/15/2023,13413.51,--,13352.26,13419.81,13297.85
05/12/2023,13340.18,--,13407.02,13427.42,13256.56
05/11/2023,13389.78,--,13376.85,13411.70,13306.08
05/10/2023,13347.83,--,13308.41,13384.42,13204.79
05/09/2023,13201.11,--,13228.64,13254.81,13193.88
05/08/2023,13291.64,--,13247.09,13302.43,13193.08
05/05/2023,13259.13,--,13070.70,13291.11,13059.91
05/04/2023,12982.48,--,13014.07,13064.02,12938.45
05/03/2023,13030.21,--,13123.10,13231.71,13026.04
05/02/2023,13113.66,--,13225.48,13241.53,13046.79
05/01/2023,13231.47,--,13229.11,13287.47,13186.40
04/28/2023,13245.99,--,13139.35,13247.39,13096.94
04/27/2023,13160.03,--,12963.21,13175.62,12938.50
04/26/2023,12806.48,--,12866.64,12929.62,12783.42
04/25/2023,12725.11,--,12905.09,12933.28,12724.24
04/24/2023,12969.76,--,12981.71,13044.22,12883.77
04/21/2023,13000.77,--,12970.32,13030.85,12899.64
04/20/2023,12985.98,--,12962.29,13107.92,12933.80
04/19/2023,13088.71,--,12992.51,13128.25,12988.20
04/18/2023,13091.79,--,13180.31,13196.18,13044.21
04/17/2023,13087.71,--,13053.26,13105.68,12981.26
04/14/2023,13079.52,--,13044.69,13152.28,12962.51
04/13/2023,13109.39,--,12922.90,13124.41,12920.02
04/12/2023,12848.35,--,13043.97,13071.98,12833.31
04/11/2023,12964.15,--,13040.49,13049.56,12947.66
04/10/2023,13051.23,--,12936.52,13051.85,12861.52
04/06/2023,13062.60,--,12892.90,13078.10,12846.03
04/05/2023,12967.20,--,13056.79,13065.28,12894.44
04/04/2023,13100.07,--,13165.32,13204.08,13049.98
04/03/2023,13148.35,--,13084.10,13157.47,13036.55
03/31/2023,13181.35,--,12968.96,13188.83,12968.00
03/30/2023,12963.14,--,12934.99,12987.97,12894.14
03/29/2023,12846.03,--,12768.14,12867.32,12734.68
03/28/2023,12610.57,--,12654.91,12654.91,12517.87
03/27/2023,12673.07,--,12797.90,12839.42,12647.94
03/24/2023,12767.05,--,12700.51,12770.28,12608.15
03/23/2023,12729.23,--,12735.60,12900.10,12611.67
03/22/2023,12567.15,--,12742.41,12943.62,12563.78
03/21/2023,12741.44,--,12643.35,12762.45,12582.76
03/20/2023,12562.61,--,12487.79,12578.35,12407.82
03/17/2023,12519.88,--,12570.16,12674.34,12444.08
03/16/2023,12581.39,--,12211.87,12595.69,12190.65
03/15/2023,12251.32,--,12083.24,12269.45,12026.18
03/14/2023,12199.79,--,12078.46,12217.87,12035.22
03/13/2023,11923.17,--,11752.10,12073.95,11695.41
03/10/2023,11830.28,--,12001.70,12069.62,11789.86
03/09/2023,11995.88,--,12230.84,12340.45,11970.34
03/08/2023,12215.33,--,12181.06,12237.72,12102.28
03/07/2023,12152.17,--,12303.19,12344.04,12130.01
03/06/2023,12302.48,--,12344.65,12466.88,12297.57
03/03/2023,12290.81,--,12110.71,12300.46,12095.24
03/02/2023,12044.87,--,11830.09,12074.59,11830.09
03/01/2023,11938.57,--,12026.72,12054.48,11906.58
02/28/2023,12042.12,--,12041.75,12146.52,12021.32
02/27/2023,12057.79,--,12106.79,12159.64,12034.61
02/24/2023,11969.65,--,11979.80,12018.32,11900.84
02/23/2023,12180.14,--,12224.44,12227.40,12003.31
02/22/2023,12066.27,--,12085.67,12156.21,12006.04
02/21/2023,12060.30,--,12205.21,12257.06,12058.23
02/17/2023,12358.18,--,12352.30,12385.52,12233.79
02/16/2023,12442.48,--,12495.07,12653.40,12440.00
02/15/2023,12687.89,--,12531.60,12689.34,12486.42
02/14/2023,12590.89,--,12413.10,12627.40,12356.32
02/13/2023,12502.31,--,12356.50,12522.78,12313.45
02/10/2023,12304.92,--,12306.59,12375.72,12204.21
02/09/2023,12381.17,--,12677.54,12679.54,12327.44
02/08/2023,12495.38,--,12680.03,12709.45,12471.11
02/07/2023,12728.27,--,12474.95,12771.59,12419.71
02/06/2023,12464.51,--,12468.80,12558.87,12411.88
02/03/2023,12573.36,--,12520.95,12828.71,12520.95
02/02/2023,12803.14,--,12655.18,12880.98,12600.76
02/01/2023,12363.10,--,12087.92,12458.87,12010.73
01/31/2023,12101.93,--,11915.94,12104.13,11915.94
01/30/2023,11912.39,--,12047.16,12087.68,11906.11
01/27/2023,12166.60,--,12000.21,12248.15,11999.87
01/26/2023,12051.48,--,11972.57,12055.81,11853.37
01/25/2023,11814.69,--,11636.01,11841.81,11550.07
01/24/2023,11846.64,--,11802.95,11889.37,11780.07
01/23/2023,11872.54,--,11652.00,11918.86,11617.83
01/20/2023,11619.03,--,11363.85,11623.20,11329.54
01/19/2023,11295.67,--,11345.19,11388.46,11251.94
01/18/2023,11410.29,--,11636.61,11690.27,11403.31
01/17/2023,11557.19,--,11531.54,11615.95,11484.02
01/13/2023,11541.48,--,11362.13,11547.96,11347.60
01/12/2023,11459.61,--,11441.45,11500.86,11246.02
01/11/2023,11402.52,--,11259.16,11403.89,11220.75
01/10/2023,11205.78,--,11069.05,11207.56,11050.68
01/09/2023,11108.44,--,11133.07,11304.84,11085.32
01/06/2023,11040.35,--,10807.45,11082.59,10696.42
01/05/2023,10741.22,--,10837.25,10842.33,10728.26
01/04/2023,10914.80,--,10949.34,10981.46,10785.53
01/03/2023,10862.64,--,11038.42,11093.10,10770.93
12/30/2022,10939.76,--,10835.59,10942.90,10778.64
12/29/2022,10951.05,--,10800.80,10981.06,10776.62
12/28/2022,10679.34,--,10807.12,10898.64,10671.19
12/27/2022,10822.51,--,10944.30,10957.44,10807.61
12/23/2022,10985.45,--,10911.04,11007.09,10830.90
12/22/2022,10956.14,--,11099.36,11114.23,10784.02
12/21/2022,11235.88,--,11110.65,11285.77,11083.36
12/20/2022,11072.42,--,11023.47,11143.62,10967.07
12/19/2022,11084.59,--,11243.00,11251.57,11029.77
12/16/2022,11243.72,--,11313.64,11383.39,11175.54
12/15/2022,11345.22,--,11573.38,11591.33,11300.35
12/14/2022,11740.92,--,11824.54,11941.28,11617.41
12/13/2022,11834.21,--,12141.24,12166.41,11724.90
12/12/2022,11706.44,--,11572.26,11707.71,11529.41
12/09/2022,11563.33,--,11594.38,11707.09,11550.31
12/08/2022,11637.50,--,11543.68,11672.14,11470.68
12/07/2022,11497.39,--,11490.99,11577.69,11431.96
12/06/2022,11549.69,--,11775.20,11790.93,11488.60
12/05/2022,11786.80,--,11899.54,11957.36,11732.15
12/02/2022,11994.26,--,11845.53,12027.62,11825.53
12/01/2022,12041.89,--,12030.24,12115.34,11928.66
11/30/2022,12030.06,--,11505.74,12031.34,11481.89
11/29/2022,11503.45,--,11590.30,11613.33,11450.34
11/28/2022,11587.75,--,11684.07,11764.83,11555.26
11/25/2022,11756.03,--,11777.33,11803.91,11748.79
11/23/2022,11838.72,--,11725.08,11866.42,11722.01
11/22/2022,11724.84,--,11590.83,11731.76,11503.34
11/21/2022,11553.45,--,11623.35,11664.94,11524.44
11/18/2022,11677.02,--,11791.85,11794.68,11579.64
11/17/2022,11676.86,--,11521.64,11737.61,11519.38
11/16/2022,11699.09,--,11767.42,11796.99,11673.14
11/15/2022,11871.15,--,12006.45,12024.95,11735.40
11/14/2022,11700.94,--,11728.11,11863.82,11669.10
11/11/2022,11817.01,--,11604.36,11840.07,11535.56
11/10/2022,11605.96,--,11350.42,11612.20,11235.74
11/09/2022,10797.55,--,10971.43,11012.66,10790.35
11/08/2022,11059.50,--,11039.58,11191.90,10897.53
11/07/2022,10977.00,--,10900.83,11001.16,10817.59
11/04/2022,10857.03,--,10911.98,10934.62,10632.39
11/03/2022,10690.60,--,10769.43,10852.18,10680.83
11/02/2022,10906.34,--,11300.27,11410.91,10903.48
11/01/2022,11288.95,--,11571.53,11574.39,11278.28
10/31/2022,11405.57,--,11465.21,11482.99,11331.26
10/28/2022,11546.21,--,11176.99,11563.16,11176.99
10/27/2022,11191.63,--,11387.71,11417.04,11179.90
10/26/2022,11405.90,--,11409.79,11657.06,11388.34
10/25/2022,11669.99,--,11482.87,11681.85,11480.41
10/24/2022,11430.26,--,11321.11,11468.18,11166.49
10/21/2022,11310.33,--,10998.17,11327.77,10962.01
10/20/2022,11046.71,--,11081.22,11279.81,11001.28
10/19/2022,11103.38,--,11081.82,11231.46,11008.11
10/18/2022,11147.74,--,11368.76,11374.38,11035.80
10/17/2022,11062.53,--,10967.25,11090.87,10959.74
10/14/2022,10692.06,--,11130.08,11152.89,10677.48
10/13/2022,11033.58,--,10481.58,11087.66,10440.64
10/12/2022,10785.62,--,10810.30,10886.49,10754.85
10/11/2022,10791.35,--,10865.32,10981.91,10716.33
10/10/2022,10926.97,--,11048.51,11063.21,10824.25
10/07/2022,11039.47,--,11272.46,11293.65,10991.66
10/06/2022,11485.50,--,11556.40,11660.55,11472.83
10/05/2022,11573.18,--,11429.47,11647.62,11312.52
10/04/2022,11582.54,--,11477.85,11609.25,11462.37
10/03/2022,11229.73,--,11059.17,11296.43,10985.01
09/30/2022,10971.22,--,11123.11,11296.16,10966.95
09/29/2022,11164.78,--,11334.57,11339.91,11038.94
09/28/2022,11493.83,--,11258.74,11546.87,11210.81
09/27/2022,11271.75,--,11411.34,11502.38,11175.29
09/26/2022,11254.11,--,11283.14,11473.36,11235.74
09/23/2022,11311.24,--,11398.75,11402.41,11169.66
09/22/2022,11501.65,--,11574.32,11617.99,11448.86
09/21/2022,11637.79,--,11892.72,12062.52,11636.25
09/20/2022,11851.54,--,11855.84,11951.13,11761.69
09/19/2022,11953.27,--,11753.60,11956.79,11752.43
09/16/2022,11861.38,--,11775.94,11875.09,11710.26
09/15/2022,11927.49,--,12034.43,12153.34,11867.88
09/14/2022,12134.40,--,12092.03,12170.25,12016.43
09/13/2022,12033.62,--,12364.83,12420.01,12004.42
09/12/2022,12739.72,--,12649.23,12752.83,12639.76
09/09/2022,12588.29,--,12424.15,12610.43,12424.15
09/08/2022,12321.19,--,12139.57,12374.13,12120.26
09/07/2022,12259.39,--,12038.18,12298.12,12026.98
09/06/2022,12011.31,--,12106.57,12152.42,11928.81
09/02/2022,12098.44,--,12392.46,12451.28,12035.53
09/01/2022,12274.62,--,12158.88,12290.33,12012.98
08/31/2022,12272.03,--,12448.07,12502.15,12268.08
08/30/2022,12342.70,--,12562.40,12572.88,12240.82
08/29/2022,12484.32,--,12488.46,12594.34,12440.40
08/26/2022,12605.17,--,13129.91,13175.25,12603.41
08/25/2022,13143.58,--,12984.74,13146.84,12951.61
08/24/2022,12917.86,--,12876.23,12995.14,12843.58
08/23/2022,12881.79,--,12885.28,13000.71,12852.70
08/22/2022,12890.54,--,13056.39,13073.07,12859.82
08/19/2022,13242.90,--,13370.25,13402.61,13210.82
08/18/2022,13505.99,--,13474.24,13553.28,13405.74
08/17/2022,13470.86,--,13499.24,13591.58,13389.82
08/16/2022,13635.21,--,13617.66,13720.91,13508.47
08/15/2022,13667.18,--,13529.66,13685.65,13524.53
08/12/2022,13565.87,--,13384.65,13565.87,13341.65
08/11/2022,13291.99,--,13471.03,13555.38,13271.35
08/10/2022,13378.32,--,13330.66,13386.85,13220.05
08/09/2022,13008.17,--,13064.24,13095.70,12945.60
08/08/2022,13159.16,--,13227.09,13394.54,13103.80
08/05/2022,13207.69,--,13107.45,13286.02,13070.36
08/04/2022,13311.04,--,13253.77,13326.72,13170.44
08/03/2022,13253.26,--,12983.58,13289.19,12974.85
08/02/2022,12901.60,--,12853.04,13073.27,12809.01
08/01/2022,12940.78,--,12877.04,13084.61,12833.16
07/29/2022,12947.97,--,12784.20,12986.64,12726.25
07/28/2022,12717.87,--,12580.61,12741.83,12433.55
07/27/2022,12601.47,--,12299.34,12660.77,12256.94
07/26/2022,12086.90,--,12248.21,12259.01,12051.21
07/25/2022,12328.41,--,12391.21,12415.59,12244.40
07/22/2022,12396.47,--,12575.76,12662.86,12322.82
07/21/2022,12619.41,--,12466.13,12620.50,12351.42
07/20/2022,12439.68,--,12269.07,12488.39,12232.20
07/19/2022,12249.42,--,12046.69,12258.37,11967.92
07/18/2022,11877.50,--,12089.68,12156.09,11836.52
07/15/2022,11983.62,--,11896.15,11987.52,11828.13
07/14/2022,11768.40,--,11637.18,11801.11,11488.27
07/13/2022,11728.53,--,11523.91,11819.69,11498.96
07/12/2022,11744.99,--,11926.84,11990.44,11684.02
07/11/2022,11860.28,--,12008.76,12026.06,11830.88
07/08/2022,12125.69,--,11977.95,12179.32,11956.03
07/07/2022,12109.05,--,11913.73,12137.71,11897.51
07/06/2022,11852.59,--,11807.08,11941.31,11727.36
07/05/2022,11779.90,--,11419.34,11781.74,11366.07
07/01/2022,11585.68,--,11472.63,11592.85,11378.63
06/30/2022,11503.72,--,11532.32,11650.96,11322.86
06/29/2022,11658.26,--,11619.01,11710.21,11537.72
06/28/2022,11637.77,--,12021.34,12133.87,11633.13
06/27/2022,12008.24,--,12157.93,12175.98,11965.67
06/24/2022,12105.85,--,11826.95,12112.82,11812.18
06/23/2022,11697.68,--,11622.09,11729.62,11515.48
06/22/2022,11527.71,--,11427.74,11708.08,11423.20
06/21/2022,11546.76,--,11446.98,11638.47,11446.98
06/17/2022,11265.99,--,11172.65,11357.97,11089.93
06/16/2022,11127.57,--,11286.87,11311.05,11037.21
06/15/2022,11593.77,--,11468.13,11751.29,11346.54
06/14/2022,11311.69,--,11385.18,11418.22,11205.92
06/13/2022,11288.32,--,11472.19,11568.65,11254.18
06/10/2022,11832.82,--,12052.59,12082.69,11825.35
06/09/2022,12269.78,--,12543.37,12666.41,12265.86
06/08/2022,12615.13,--,12682.81,12776.65,12578.55
06/07/2022,12711.68,--,12456.49,12737.30,12413.56
06/06/2022,12599.63,--,12745.89,12804.46,12534.58
06/03/2022,12548.03,--,12650.38,12724.81,12505.76
06/02/2022,12892.89,--,12498.63,12897.63,12447.77
06/01/2022,12548.36,--,12750.31,12820.47,12457.91
05/31/2022,12642.10,--,12688.95,12762.84,12482.32
05/27/2022,12681.42,--,12421.80,12682.58,12405.29
05/26/2022,12276.79,--,11906.83,12337.73,11901.87
05/25/2022,11943.93,--,11732.45,12028.89,11714.27
05/24/2022,11769.84,--,11807.78,11842.81,11576.11
05/23/2022,12034.28,--,11867.36,12047.81,11785.76
05/20/2022,11835.62,--,12037.03,12044.70,11492.29
05/19/2022,11875.63,--,11872.56,12066.85,11795.79
05/18/2022,11928.31,--,12352.92,12389.96,11887.00
05/17/2022,12564.10,--,12496.63,12572.99,12333.99
05/16/2022,12243.58,--,12297.07,12395.51,12196.21
05/13/2022,12387.40,--,12125.93,12429.28,12069.13
05/12/2022,11945.50,--,11790.13,12128.73,11692.12
05/11/2022,11967.56,--,12240.21,12470.89,11939.09
05/10/2022,12345.86,--,12496.84,12537.89,12173.47
05/09/2022,12187.72,--,12465.91,12542.32,12136.19
05/06/2022,12693.53,--,12776.86,12926.58,12522.77
05/05/2022,12850.55,--,13344.79,13344.79,12710.59
05/04/2022,13535.71,--,13110.30,13556.67,12887.53
05/03/2022,13089.90,--,13045.35,13178.74,12982.70
05/02/2022,13075.85,--,12864.83,13083.57,12716.63
04/29/2022,12854.80,--,13274.94,13428.53,12835.48
04/28/2022,13456.06,--,13254.96,13542.56,13038.17
04/27/2022,13003.36,--,13009.40,13241.94,12936.41
04/26/2022,13009.71,--,13447.66,13447.66,13009.65
04/25/2022,13533.22,--,13275.41,13541.77,13239.73
04/22/2022,13356.87,--,13714.63,13769.40,13342.79
04/21/2022,13720.45,--,14174.92,14277.21,13682.68
04/20/2022,13998.53,--,14246.20,14263.61,13962.86
04/19/2022,14210.26,--,13882.75,14236.51,13844.74
04/18/2022,13910.76,--,13859.47,13997.93,13788.96
04/14/2022,13893.21,--,14225.47,14235.39,13884.82
04/13/2022,14217.29,--,13939.61,14258.81,13919.48
04/12/2022,13940.24,--,14175.66,14264.74,13882.75
04/11/2022,13990.21,--,14149.60,14187.67,13979.14
04/08/2022,14327.26,--,14450.53,14490.19,14307.68
04/07/2022,14531.81,--,14469.50,14624.24,14315.69
04/06/2022,14498.88,--,14600.30,14639.35,14395.40
04/05/2022,14820.64,--,15109.27,15120.67,14782.57
04/04/2022,15159.58,--,14903.38,15161.89,14884.57
04/01/2022,14861.21,--,14886.91,14925.93,14723.83
03/31/2022,14838.49,--,15074.23,15088.38,14835.16
03/30/2022,15071.55,--,15177.15,15229.01,15010.34
03/29/2022,15239.32,--,15142.93,15265.42,15039.61
03/28/2022,14987.40,--,14763.16,14989.08,14705.92
03/25/2022,14754.31,--,14766.90,14805.88,14577.59
03/24/2022,14765.69,--,14529.72,14767.73,14440.67
03/23/2022,14447.55,--,14525.22,14681.33,14446.04
03/22/2022,14654.33,--,14396.03,14688.97,14385.55
03/21/2022,14376.09,--,14377.15,14470.68,14190.53
03/18/2022,14420.08,--,14061.29,14427.47,14014.43
03/17/2022,14118.60,--,13878.99,14125.67,13827.34
03/16/2022,13956.78,--,13633.12,13960.25,13475.09
03/15/2022,13458.56,--,13174.97,13488.18,13092.45
03/14/2022,13046.64,--,13248.09,13386.67,13020.40
03/11/2022,13301.83,--,13701.80,13714.44,13285.19
03/10/2022,13591.00,--,13577.84,13633.69,13399.46
03/09/2022,13742.20,--,13610.48,13793.11,13504.48
03/08/2022,13267.60,--,13275.23,13663.27,13129.40
03/07/2022,13319.38,--,13853.53,13879.10,13314.44
03/04/2022,13837.83,--,13957.60,13992.97,13738.61
03/03/2022,14035.21,--,14339.70,14342.56,13965.11
03/02/2022,14243.69,--,14075.11,14292.72,13962.69
03/01/2022,14005.99,--,14197.66,14271.58,13906.92
02/28/2022,14237.81,--,14058.61,14296.60,14009.36
02/25/2022,14189.16,--,13973.90,14193.00,13850.29
02/24/2022,13974.67,--,13065.44,13989.10,13065.44
02/23/2022,13509.43,--,14016.94,14035.93,13502.58
02/22/2022,13870.53,--,13892.81,14109.26,13720.92
02/18/2022,14009.54,--,14207.55,14225.72,13918.76
02/17/2022,14171.74,--,14485.08,14497.46,14155.43
02/16/2022,14603.64,--,14514.84,14647.79,14399.29
02/15/2022,14620.82,--,14482.11,14624.53,14444.46
02/14/2022,14268.59,--,14233.40,14400.78,14119.73
02/11/2022,14253.84,--,14739.46,14769.64,14194.54
02/10/2022,14705.64,--,14770.67,15037.26,14636.62
02/09/2022,15056.96,--,14930.99,15057.90,14870.36
02/08/2022,14747.03,--,14533.25,14785.22,14485.78
02/07/2022,14571.25,--,14716.43,14813.86,14524.63
02/04/2022,14694.35,--,14566.28,14832.05,14452.28
02/03/2022,14501.11,--,14693.85,14856.51,14471.20
02/02/2022,15139.74,--,15173.03,15196.40,14960.85
02/01/2022,15019.68,--,14966.60,15034.42,14749.49
01/31/2022,14930.05,--,14505.07,14934.52,14442.88
01/28/2022,14454.61,--,14091.31,14457.78,13880.48
01/27/2022,14003.11,--,14346.46,14419.45,13972.88
01/26/2022,14172.76,--,14492.52,14646.54,14006.40
01/25/2022,14149.12,--,14237.60,14410.43,14033.81
01/24/2022,14509.58,--,14160.91,14532.57,13724.85
01/21/2022,14438.40,--,14728.66,14868.45,14432.64
01/20/2022,14846.46,--,15176.38,15347.62,14832.69
01/19/2022,15047.84,--,15287.25,15382.00,15038.43
01/18/2022,15210.76,--,15378.06,15446.30,15182.96
01/14/2022,15611.59,--,15396.47,15617.18,15396.47
01/13/2022,15495.62,--,15970.09,15990.38,15468.09
01/12/2022,15905.10,--,15955.48,16017.39,15815.95
01/11/2022,15844.12,--,15582.72,15848.56,15496.91
01/10/2022,15614.43,--,15383.18,15627.92,15165.53
01/07/2022,15592.19,--,15774.13,15835.00,15526.80
01/06/2022,15765.36,--,15675.22,15900.60,15608.57
01/05/2022,15771.78,--,16190.55,16249.23,15763.84
01/04/2022,16279.73,--,16513.87,16513.87,16151.90
01/03/2022,16501.77,--,16395.51,16504.14,16306.64
12/31/2021,16320.08,--,16411.26,16464.62,16317.26
12/30/2021,16429.10,--,16485.40,16569.62,16415.12
12/29/2021,16491.01,--,16510.63,16548.92,16396.16
12/28/2021,16488.66,--,16602.92,16607.19,16458.49
12/27/2021,16567.50,--,16361.07,16567.64,16361.07
12/23/2021,16308.21,--,16203.76,16360.75,16188.02
12/22/2021,16180.14,--,15963.54,16186.25,15947.56
12/21/2021,15986.28,--,15794.38,15997.61,15617.48
12/20/2021,15627.64,--,15566.83,15662.61,15508.74
12/17/2021,15801.46,--,15714.54,15960.25,15664.10
12/16/2021,15863.94,--,16335.03,16340.53,15802.63
12/15/2021,16289.59,--,15908.45,16301.27,15746.94
12/14/2021,15914.90,--,15877.65,15995.21,15742.80
12/13/2021,16082.55,--,16317.90,16332.63,16075.54
12/10/2021,16331.98,--,16278.30,16339.12,16139.00
12/09/2021,16149.57,--,16337.81,16413.28,16141.39
12/08/2021,16394.34,--,16313.88,16401.10,16250.39
12/07/2021,16325.66,--,16139.56,16343.67,16128.44
12/06/2021,15846.16,--,15744.91,15898.59,15557.78
12/03/2021,15712.04,--,16039.41,16089.61,15543.31
12/02/2021,15990.76,--,15791.30,16066.32,15770.92
12/01/2021,15877.72,--,16347.96,16427.19,15864.00
11/30/2021,16135.92,--,16333.95,16454.56,16073.76
11/29/2021,16399.24,--,16263.43,16437.16,16214.56
11/26/2021,16025.58,--,16237.41,16302.58,15988.95
11/24/2021,16367.81,--,16202.26,16370.56,16106.02
11/23/2021,16306.72,--,16330.18,16417.50,16121.70
11/22/2021,16380.98,--,16644.77,16764.86,16374.78
11/19/2021,16573.34,--,16558.56,16625.86,16523.83
11/18/2021,16482.97,--,16398.76,16501.92,16309.51
11/17/2021,16308.07,--,16329.07,16398.95,16276.77
11/16/2021,16309.77,--,16170.29,16329.50,16156.69
11/15/2021,16189.12,--,16227.01,16256.73,16096.37
11/12/2021,16199.89,--,16078.13,16218.55,16012.78
11/11/2021,16032.47,--,16114.05,16116.25,16019.39
11/10/2021,15985.57,--,16087.01,16224.51,15905.28
11/09/2021,16219.94,--,16389.99,16401.89,16168.63
11/08/2021,16336.03,--,16351.49,16401.93,16314.00
11/05/2021,16359.38,--,16397.59,16454.48,16302.06
11/04/2021,16346.24,--,16193.22,16387.95,16169.56
11/03/2021,16144.50,--,16000.60,16157.60,15950.59
11/02/2021,15972.49,--,15885.34,15988.33,15877.27
11/01/2021,15905.28,--,15879.61,15910.35,15785.31
10/29/2021,15850.47,--,15638.74,15856.90,15638.74
10/28/2021,15778.16,--,15674.39,15784.00,15650.01
10/27/2021,15598.39,--,15603.16,15729.75,15578.68
10/26/2021,15559.49,--,15615.36,15710.79,15518.59
10/25/2021,15514.19,--,15417.25,15555.65,15338.49
10/22/2021,15355.07,--,15422.07,15474.28,15291.95
10/21/2021,15489.59,--,15365.81,15497.58,15350.50
10/20/2021,15388.71,--,15448.00,15457.11,15333.43
10/19/2021,15410.72,--,15349.45,15414.97,15320.62
10/18/2021,15300.89,--,15091.58,15307.51,15074.71
10/15/2021,15146.92,--,15106.97,15150.14,15064.59
10/14/2021,15052.42,--,14925.58,15059.89,14901.59
10/13/2021,14774.60,--,14751.80,14800.83,14676.58
10/12/2021,14662.11,--,14772.29,14784.78,14636.33
10/11/2021,14713.73,--,14765.69,14907.57,14709.05
10/08/2021,14820.75,--,14942.36,14948.35,14805.50
10/07/2021,14897.13,--,14899.07,15010.32,14878.22
10/06/2021,14766.75,--,14529.89,14775.64,14499.48
10/05/2021,14674.15,--,14533.43,14763.64,14520.23
10/04/2021,14472.12,--,14713.60,14727.60,14384.93
10/01/2021,14791.87,--,14731.38,14830.84,14555.12
09/30/2021,14689.62,--,14830.30,14888.22,14684.55
09/29/2021,14752.89,--,14835.51,14914.92,14727.41
09/28/2021,14770.30,--,15001.98,15040.57,14758.98
09/27/2021,15204.82,--,15205.23,15240.58,15106.45
09/24/2021,15329.68,--,15222.97,15345.54,15209.16
09/23/2021,15316.58,--,15231.20,15356.92,15199.43
09/22/2021,15176.51,--,15073.96,15230.34,15029.90
09/21/2021,15027.77,--,15096.97,15139.90,14986.98
09/20/2021,15012.19,--,15068.65,15157.26,14821.03
09/17/2021,15333.47,--,15481.43,15485.21,15291.04
09/16/2021,15515.91,--,15452.67,15539.14,15370.88
09/15/2021,15503.53,--,15419.95,15518.95,15316.40
09/14/2021,15382.90,--,15505.78,15525.97,15352.06
09/13/2021,15434.50,--,15545.66,15562.28,15351.70
09/10/2021,15440.75,--,15648.05,15673.50,15433.43
09/09/2021,15561.05,--,15639.44,15675.46,15556.74
09/08/2021,15620.85,--,15669.01,15669.01,15528.45
09/07/2021,15675.76,--,15662.30,15701.40,15610.23
09/03/2021,15652.86,--,15578.96,15668.12,15554.97
09/02/2021,15604.25,--,15656.28,15681.76,15554.29
09/01/2021,15611.57,--,15637.13,15696.42,15603.67
08/31/2021,15582.51,--,15601.34,15604.45,15522.78
08/30/2021,15605.09,--,15460.93,15620.62,15459.74
08/27/2021,15432.95,--,15305.75,15447.03,15292.74
08/26/2021,15278.52,--,15348.98,15369.28,15265.23
08/25/2021,15368.92,--,15384.83,15404.36,15341.92
08/24/2021,15357.68,--,15338.92,15384.42,15319.55
08/23/2021,15312.82,--,15140.14,15341.47,15140.14
08/20/2021,15092.57,--,14974.06,15103.94,14968.87
08/19/2021,14933.94,--,14773.19,15000.19,14773.19
08/18/2021,14857.92,--,14975.02,15039.90,14846.51
08/17/2021,15002.83,--,15018.94,15062.70,14906.22
08/16/2021,15140.77,--,15090.05,15142.03,14931.15
08/13/2021,15136.68,--,15101.84,15150.48,15079.30
08/12/2021,15088.98,--,15012.60,15097.91,14956.25
08/11/2021,15027.76,--,15101.82,15127.78,14972.60
08/10/2021,15053.58,--,15157.37,15169.45,15010.16
08/09/2021,15133.11,--,15136.14,15154.68,15081.75
08/06/2021,15109.36,--,15125.74,15162.34,15063.02
08/05/2021,15181.64,--,15105.40,15184.27,15083.83
08/04/2021,15083.39,--,15059.16,15117.38,15017.14
08/03/2021,15061.42,--,14997.20,15063.66,14864.53
08/02/2021,14963.62,--,14959.90,15059.89,14945.13
07/30/2021,14959.90,--,14882.39,14990.86,14882.39
07/29/2021,15048.36,--,15015.30,15091.96,15004.42
07/28/2021,15018.10,--,15005.17,15078.85,14913.55
07/27/2021,14956.97,--,15103.01,15107.74,14787.80
07/26/2021,15125.95,--,15088.28,15142.35,15048.23
07/23/2021,15111.79,--,15004.43,15125.84,14948.04
07/22/2021,14940.17,--,14865.46,14941.38,14865.46
07/21/2021,14842.63,--,14723.67,14843.17,14710.11
07/20/2021,14728.21,--,14601.33,14790.60,14530.78
07/19/2021,14549.09,--,14517.96,14578.96,14455.07
07/16/2021,14681.38,--,14842.08,14875.97,14667.10
07/15/2021,14794.69,--,14903.49,14907.51,14717.55
07/14/2021,14900.44,--,14984.86,15001.13,14871.73
07/13/2021,14874.54,--,14871.04,15002.28,14843.80
07/12/2021,14877.89,--,14878.71,14899.46,14813.79
07/09/2021,14826.09,--,14709.32,14838.72,14685.54
07/08/2021,14722.14,--,14577.67,14763.67,14551.76
07/07/2021,14810.54,--,14889.76,14891.19,14735.75
07/06/2021,14786.36,--,14755.15,14797.45,14635.31
07/02/2021,14727.63,--,14633.51,14738.14,14626.82
07/01/2021,14560.05,--,14530.63,14576.64,14483.42
06/30/2021,14554.80,--,14560.07,14582.30,14530.87
06/29/2021,14572.75,--,14523.63,14575.19,14481.84
06/28/2021,14524.98,--,14401.63,14530.07,14400.59
06/25/2021,14345.18,--,14396.63,14401.71,14324.26
06/24/2021,14365.96,--,14358.30,14429.14,14337.65
06/23/2021,14274.24,--,14275.09,14324.74,14247.58
06/22/2021,14270.42,--,14140.30,14288.49,14128.01
06/21/2021,14137.23,--,14055.04,14150.91,13967.89
06/18/2021,14049.58,--,14125.12,14140.61,14024.60
06/17/2021,14163.81,--,13946.70,14205.43,13946.52
06/16/2021,13983.01,--,14053.12,14100.11,13843.60
06/15/2021,14030.41,--,14120.81,14126.26,14008.93
06/14/2021,14128.20,--,14002.14,14129.33,13963.94
06/11/2021,13998.30,--,13959.47,13998.65,13934.00
06/10/2021,13960.35,--,13834.26,13962.98,13817.83
06/09/2021,13814.94,--,13865.51,13900.71,13811.05
06/08/2021,13810.86,--,13873.46,13913.40,13746.42
06/07/2021,13802.89,--,13744.15,13808.42,13710.11
06/04/2021,13770.77,--,13619.79,13784.77,13613.58
06/03/2021,13529.68,--,13568.91,13608.54,13469.85
06/02/2021,13675.79,--,13655.71,13712.68,13610.16
06/01/2021,13654.59,--,13764.27,13773.45,13602.12
05/28/2021,13686.51,--,13717.00,13765.80,13684.83
05/27/2021,13657.85,--,13686.86,13724.76,13652.13
05/26/2021,13702.74,--,13687.71,13726.06,13661.06
05/25/2021,13657.73,--,13701.30,13734.41,13614.54
05/24/2021,13641.75,--,13504.39,13687.60,13500.12
05/21/2021,13411.74,--,13573.22,13573.84,13401.53
05/20/2021,13494.09,--,13294.59,13526.01,13293.10
05/19/2021,13237.91,--,12998.53,13243.98,12994.35
05/18/2021,13217.68,--,13352.26,13400.52,13212.85
05/17/2021,13312.91,--,13329.86,13350.14,13196.57
05/14/2021,13312.91,--,13238.99,13430.00,13220.19
05/13/2021,13109.15,--,13133.73,13226.64,13006.77
05/12/2021,13001.63,--,13155.07,13236.89,12967.18
05/11/2021,13351.27,--,13102.64,13381.66,13094.76
05/10/2021,13359.08,--,13647.73,13648.49,13358.62
05/07/2021,13719.63,--,13715.56,13814.65,13669.78
05/06/2021,13613.73,--,13490.94,13617.34,13403.46
05/05/2021,13503.37,--,13649.12,13676.86,13478.58
05/04/2021,13544.67,--,13680.63,13705.38,13396.11
05/03/2021,13799.72,--,13923.04,13955.00,13784.66
04/30/2021,13860.76,--,13857.79,13969.21,13838.82
04/29/2021,13970.20,--,14063.94,14073.48,13836.10
04/28/2021,13901.62,--,13953.61,13992.08,13895.15
04/27/2021,13960.28,--,14048.13,14048.34,13931.18
04/26/2021,14026.16,--,13954.94,14039.40,13919.93
04/23/2021,13941.44,--,13794.49,13989.43,13789.45
04/22/2021,13762.36,--,13920.88,13954.03,13716.76
04/21/2021,13935.15,--,13768.92,13939.70,13717.44
04/20/2021,13809.30,--,13891.96,13934.89,13730.59
04/19/2021,13907.67,--,13970.83,14025.64,13835.75
04/16/2021,14041.91,--,14035.96,14050.38,13966.54
04/15/2021,14026.19,--,13934.87,14040.11,13931.01
04/14/2021,13803.91,--,13973.82,13990.54,13782.17
04/13/2021,13986.49,--,13874.58,14002.53,13874.58
04/12/2021,13819.35,--,13792.74,13839.39,13747.63
04/09/2021,13845.05,--,13709.67,13849.31,13674.92
04/08/2021,13758.50,--,13730.73,13763.18,13703.51
04/07/2021,13616.70,--,13553.90,13648.80,13532.63
04/06/2021,13578.46,--,13567.20,13660.29,13551.60
04/05/2021,13598.16,--,13434.04,13623.60,13420.81
04/01/2021,13329.51,--,13268.88,13333.41,13255.82
03/31/2021,13091.44,--,12970.33,13167.06,12966.65
03/30/2021,12896.53,--,12904.01,12929.46,12798.03
03/29/2021,12965.74,--,12950.51,13013.47,12836.60
03/26/2021,12979.12,--,12777.27,12992.30,12721.66
03/25/2021,12780.51,--,12707.58,12845.66,12627.93
03/24/2021,12798.88,--,13072.82,13077.49,12797.85
03/23/2021,13017.79,--,13127.17,13180.66,12993.50
03/22/2021,13086.51,--,12943.14,13167.46,12943.14
03/19/2021,12866.99,--,12792.67,12906.02,12704.07
03/18/2021,12789.14,--,13006.29,13040.36,12781.53
03/17/2021,13202.38,--,13024.83,13280.29,12950.08
03/16/2021,13152.28,--,13156.65,13297.48,13091.78
03/15/2021,13082.54,--,12936.13,13085.01,12885.64
03/12/2021,12937.29,--,12873.39,12943.58,12778.13
03/11/2021,13052.90,--,12960.53,13117.86,12920.01
03/10/2021,12752.07,--,12950.25,12979.38,12726.85
03/09/2021,12794.49,--,12635.45,12868.52,12592.83
03/08/2021,12299.08,--,12629.56,12718.58,12287.57
03/05/2021,12668.51,--,12594.16,12700.95,12208.39
03/04/2021,12464.00,--,12655.92,12799.08,12314.16
03/03/2021,12683.33,--,13020.10,13057.29,12679.89
03/02/2021,13059.95,--,13297.76,13301.62,13052.12
03/01/2021,13282.95,--,13106.02,13293.78,13051.70
02/26/2021,12909.44,--,12958.96,13090.36,12764.34
02/25/2021,12828.31,--,13197.75,13294.56,12773.76
02/24/2021,13302.19,--,13095.86,13312.42,12971.82
02/23/2021,13194.71,--,12982.36,13259.85,12758.12
02/22/2021,13223.74,--,13414.04,13447.37,13220.77
02/19/2021,13580.78,--,13686.23,13701.69,13545.45
02/18/2021,13637.51,--,13556.01,13669.94,13477.17
02/17/2021,13699.71,--,13636.15,13713.14,13552.66
02/16/2021,13773.77,--,13841.03,13879.77,13726.78
02/12/2021,13807.70,--,13695.90,13816.25,13656.78
02/11/2021,13734.35,--,13723.63,13747.20,13637.19
02/10/2021,13655.27,--,13751.42,13770.91,13531.93
02/09/2021,13687.08,--,13667.14,13741.79,13664.70
02/08/2021,13695.02,--,13672.33,13698.41,13607.96
02/05/2021,13603.96,--,13592.77,13642.96,13527.81
02/04/2021,13560.89,--,13454.85,13563.13,13406.44
02/03/2021,13402.37,--,13555.03,13561.45,13400.08
02/02/2021,13456.12,--,13371.37,13501.23,13363.76
02/01/2021,13248.90,--,13067.65,13280.22,12983.10
01/29/2021,12925.38,--,13124.70,13167.87,12845.43
01/28/2021,13201.53,--,13163.32,13401.85,13150.10
01/27/2021,13112.65,--,13371.16,13393.51,13034.14
01/26/2021,13490.19,--,13507.47,13536.30,13440.32
01/25/2021,13483.29,--,13515.63,13563.70,13205.59
01/22/2021,13366.40,--,13356.18,13404.77,13336.90
01/21/2021,13404.99,--,13356.70,13433.69,13297.79
01/20/2021,13296.45,--,13155.12,13332.26,13138.30
01/19/2021,12996.54,--,12921.61,13012.09,12861.30
01/15/2021,12803.93,--,12898.09,12941.29,12758.10
01/14/2021,12898.69,--,13010.94,13037.05,12886.16
01/13/2021,12973.63,--,12911.87,13008.85,12878.02
01/12/2021,12892.09,--,12916.10,12957.43,12783.71
01/11/2021,12902.49,--,12961.50,13023.21,12883.59
01/08/2021,13105.20,--,13037.24,13113.09,12939.73
01/07/2021,12939.57,--,12745.41,12966.68,12744.82
01/06/2021,12623.35,--,12601.26,12803.29,12569.42
01/05/2021,12802.38,--,12663.13,12809.67,12663.13
01/04/2021,12694.66,--,12950.22,12950.22,12537.42
12/31/2020,12888.28,--,12852.96,12904.09,12804.75
12/30/2020,12845.36,--,12900.03,12917.45,12828.79
12/29/2020,12843.49,--,12909.86,12925.53,12816.59
12/28/2020,12838.86,--,12813.97,12861.91,12747.05
12/24/2020,12711.01,--,12668.19,12732.55,12665.80
12/23/2020,12653.14,--,12733.75,12737.59,12649.60
12/22/2020,12717.56,--,12715.48,12761.23,12606.42
12/21/2020,12690.26,--,12575.60,12706.44,12474.03
12/18/2020,12738.18,--,12786.92,12793.47,12611.22
12/17/2020,12752.06,--,12741.64,12760.97,12685.98
12/16/2020,12668.16,--,12607.87,12698.11,12568.71
12/15/2020,12595.92,--,12565.28,12596.84,12467.57
12/14/2020,12462.21,--,12427.86,12544.31,12426.25
12/11/2020,12375.41,--,12327.07,12378.61,12236.80
12/10/2020,12401.74,--,12268.47,12447.85,12226.13
12/09/2020,12364.64,--,12626.97,12643.24,12311.30
12/08/2020,12635.72,--,12574.84,12651.35,12504.97
12/07/2020,12596.47,--,12523.57,12610.00,12523.12
12/04/2020,12528.48,--,12479.91,12531.21,12450.51
12/03/2020,12467.13,--,12469.16,12538.92,12445.36
12/02/2020,12456.41,--,12390.58,12472.25,12318.27
12/01/2020,12455.33,--,12387.62,12510.02,12338.36
11/30/2020,12268.32,--,12278.78,12299.61,12090.93
11/27/2020,12258.21,--,12220.37,12306.71,12214.44
11/25/2020,12152.22,--,12112.11,12174.99,12081.51
11/24/2020,12079.81,--,11952.70,12094.16,11878.31
11/23/2020,11905.94,--,11959.89,12001.83,11817.53
11/20/2020,11906.44,--,11976.00,12017.42,11903.57
11/19/2020,11985.43,--,11863.12,12000.29,11842.66
11/18/2020,11894.71,--,11963.36,12027.15,11892.54
11/17/2020,11977.49,--,12030.27,12047.13,11964.20
11/16/2020,12013.38,--,11925.36,12035.50,11891.85
11/13/2020,11937.84,--,11910.62,11957.09,11808.95
11/12/2020,11827.14,--,11924.15,11976.89,11786.09
11/11/2020,11892.93,--,11734.81,11904.13,11714.32
11/10/2020,11624.29,--,11704.46,11761.95,11512.46
11/09/2020,11830.39,--,12194.71,12268.66,11818.24
11/06/2020,12091.35,--,12044.29,12116.91,11895.50
11/05/2020,12078.07,--,12021.77,12117.04,11977.07
11/04/2020,11777.02,--,11627.76,11846.46,11564.91
11/03/2020,11279.91,--,11155.84,11356.08,11115.55
11/02/2020,11084.76,--,11152.48,11222.52,10957.11
10/30/2020,11052.95,--,11265.70,11293.76,10960.02
10/29/2020,11350.74,--,11214.33,11467.37,11187.08
10/28/2020,11142.76,--,11400.48,11426.10,11136.10
10/27/2020,11598.95,--,11560.86,11633.49,11503.10
10/26/2020,11504.52,--,11584.17,11708.08,11360.73
10/23/2020,11692.57,--,11680.72,11693.01,11569.09
10/22/2020,11662.91,--,11712.64,11739.22,11529.73
10/21/2020,11665.37,--,11686.19,11789.46,11646.47
10/20/2020,11677.84,--,11679.08,11801.39,11613.76
10/19/2020,11634.35,--,11913.01,11962.47,11606.48
10/16/2020,11852.17,--,11952.12,12034.13,11824.14
10/15/2020,11898.57,--,11767.27,11928.63,11765.49
10/14/2020,11985.36,--,12105.10,12159.21,11913.57
10/13/2020,12083.17,--,12131.07,12187.78,12032.75
10/12/2020,12088.11,--,11900.12,12204.75,11880.23
10/09/2020,11725.85,--,11615.57,11727.60,11600.86
10/08/2020,11550.94,--,11576.44,11582.78,11510.24
10/07/2020,11503.19,--,11412.65,11519.55,11382.48
10/06/2020,11291.27,--,11476.68,11536.42,11256.26
10/05/2020,11509.06,--,11345.24,11512.06,11336.07
10/02/2020,11255.69,--,11328.85,11479.08,11225.17
10/01/2020,11583.20,--,11554.96,11606.73,11488.60
09/30/2020,11418.06,--,11328.55,11535.01,11328.55
09/29/2020,11322.95,--,11354.70,11396.22,11305.79
09/28/2020,11364.45,--,11332.32,11369.40,11243.24
09/25/2020,11151.13,--,10910.50,11177.73,10851.68
09/24/2020,10896.47,--,10746.35,11026.43,10728.41
09/23/2020,10833.33,--,11167.22,11179.59,10806.05
09/22/2020,11186.37,--,11082.09,11207.08,10943.26
09/21/2020,10980.22,--,10768.01,10984.76,10677.85
09/18/2020,10936.98,--,11147.80,11153.97,10769.40
09/17/2020,11080.95,--,10965.74,11160.04,10936.80
09/16/2020,11247.60,--,11467.90,11486.09,11242.96
09/15/2020,11438.87,--,11432.94,11495.40,11367.20
09/14/2020,11277.76,--,11250.80,11363.25,11192.82
09/11/2020,11087.40,--,11251.19,11280.41,10945.22
09/10/2020,11154.12,--,11501.43,11566.34,11095.94
09/09/2020,11395.85,--,11308.25,11480.37,11197.13
09/08/2020,11068.26,--,11143.91,11400.45,11055.16
09/04/2020,11622.13,--,11686.24,11846.18,11145.99
09/03/2020,11771.37,--,12195.75,12235.00,11662.11
09/02/2020,12420.54,--,12417.45,12439.48,12176.18
09/01/2020,12292.86,--,12203.36,12300.44,12132.78
08/31/2020,12110.70,--,12017.46,12167.46,12000.11
08/28/2020,11995.85,--,11992.68,12018.14,11928.69
08/27/2020,11926.16,--,11997.89,12047.99,11842.84
08/26/2020,11971.94,--,11779.35,11979.65,11768.00
08/25/2020,11721.81,--,11610.58,11723.94,11580.89
08/24/2020,11626.17,--,11703.34,11728.09,11535.55
08/21/2020,11555.16,--,11476.85,11574.79,11461.53
08/20/2020,11477.05,--,11277.05,11497.18,11268.46
08/19/2020,11318.64,--,11397.23,11440.22,11303.40
08/18/2020,11399.03,--,11339.76,11421.10,11279.08
08/17/2020,11288.57,--,11231.97,11306.47,11228.14
08/14/2020,11164.45,--,11187.82,11213.27,11106.93
08/13/2020,11178.37,--,11174.64,11271.22,11139.64
08/12/2020,11157.72,--,10972.07,11190.26,10970.87
08/11/2020,10876.08,--,11039.68,11090.92,10855.06
08/10/2020,11085.17,--,11153.51,11159.38,10941.87
08/07/2020,11139.39,--,11235.23,11276.30,11044.60
08/06/2020,11267.08,--,11116.49,11282.23,11090.50
08/05/2020,11125.44,--,11107.24,11141.68,11077.70
08/04/2020,11096.54,--,11075.04,11097.85,11002.55
08/03/2020,11055.08,--,11018.02,11085.50,10997.67
07/31/2020,10905.88,--,10886.36,10908.34,10707.40
07/30/2020,10715.51,--,10578.62,10737.03,10531.79
07/29/2020,10662.98,--,10602.40,10694.88,10587.19
07/28/2020,10532.50,--,10644.33,10662.19,10527.43
07/27/2020,10674.38,--,10547.11,10689.55,10527.64
07/24/2020,10483.13,--,10389.53,10543.42,10313.94
07/23/2020,10580.59,--,10853.16,10885.38,10531.21
07/22/2020,10870.75,--,10850.92,10910.24,10776.24
07/21/2020,10833.07,--,11015.54,11017.43,10800.87
07/20/2020,10952.08,--,10672.96,10971.52,10621.90
07/17/2020,10645.22,--,10651.59,10680.70,10558.78
07/16/2020,10626.46,--,10589.86,10658.90,10495.09
07/15/2020,10701.68,--,10752.11,10780.40,10570.96
07/14/2020,10689.52,--,10502.85,10701.88,10370.79
07/13/2020,10602.21,--,10951.54,11069.26,10574.56
07/10/2020,10836.33,--,10751.77,10842.78,10639.48
07/09/2020,10754.59,--,10745.87,10785.96,10574.97
07/08/2020,10666.70,--,10594.41,10669.13,10528.82
07/07/2020,10524.01,--,10595.94,10704.93,10516.63
07/06/2020,10604.06,--,10487.70,10625.10,10485.81
07/02/2020,10341.89,--,10386.38,10432.55,10328.78
07/01/2020,10279.25,--,10160.41,10321.77,10142.75
06/30/2020,10156.85,--,9970.21,10185.35,9956.83
06/29/2020,9961.16,--,9850.55,9965.08,9742.89
06/26/2020,9849.36,--,10087.08,10093.98,9837.74
06/25/2020,10101.83,--,10003.50,10110.29,9901.21
06/24/2020,10002.70,--,10183.77,10232.42,9943.24
06/23/2020,10209.82,--,10192.42,10306.90,10172.07
06/22/2020,10130.33,--,10009.00,10134.64,9989.49
06/19/2020,10008.64,--,10104.63,10121.67,9937.81
06/18/2020,10012.05,--,9972.35,10018.56,9942.11
06/17/2020,9982.48,--,9998.86,10058.65,9952.50
06/16/2020,9949.37,--,9983.65,10010.89,9801.45
06/15/2020,9776.89,--,9517.14,9809.41,9489.58
06/12/2020,9663.77,--,9785.58,9849.01,9499.10
06/11/2020,9588.48,--,9907.56,9978.19,9586.25
06/10/2020,10094.26,--,10037.98,10155.20,10022.44
06/09/2020,9967.17,--,9861.18,10006.90,9859.00
06/08/2020,9901.52,--,9805.69,9904.52,9753.87
06/05/2020,9824.39,--,9673.09,9846.63,9659.45
06/04/2020,9629.66,--,9672.17,9741.97,9577.71
06/03/2020,9704.69,--,9689.72,9729.69,9648.93
06/02/2020,9657.31,--,9603.18,9660.08,9511.88
06/01/2020,9598.89,--,9526.43,9609.38,9515.34
05/29/2020,9555.52,--,9440.64,9573.55,9379.93
05/28/2020,9416.71,--,9404.83,9568.89,9391.84
05/27/2020,9442.05,--,9366.63,9445.06,9182.45
05/26/2020,9389.98,--,9570.53,9570.53,9379.90
05/22/2020,9413.99,--,9363.68,9421.93,9325.07
05/21/2020,9377.99,--,9487.63,9515.05,9361.83
05/20/2020,9485.02,--,9415.25,9498.28,9412.83
05/19/2020,9298.54,--,9326.28,9422.90,9296.25
05/18/2020,9331.93,--,9281.36,9367.54,9248.78
05/15/2020,9152.64,--,8976.29,9157.46,8958.08
05/14/2020,9094.43,--,8946.45,9097.75,8860.77
05/13/2020,9000.08,--,9123.69,9209.49,8890.16
05/12/2020,9112.45,--,9326.06,9354.45,9109.09
05/11/2020,9298.92,--,9155.21,9346.27,9155.21
05/08/2020,9220.35,--,9165.70,9224.49,9126.97
05/07/2020,9101.88,--,9104.67,9136.18,9045.23
05/06/2020,8984.86,--,8997.02,9065.58,8950.89
05/05/2020,8930.62,--,8922.39,9031.00,8900.57
05/04/2020,8834.11,--,8683.94,8840.33,8665.40
05/01/2020,8718.18,--,8791.88,8887.58,8688.58
04/30/2020,9000.51,--,9005.24,9023.03,8920.42
04/29/2020,8982.76,--,8871.04,9025.82,8832.00
04/28/2020,8677.60,--,8913.28,8918.38,8668.67
04/27/2020,8837.66,--,8865.58,8887.62,8803.88
04/24/2020,8786.60,--,8666.57,8791.36,8599.99
04/23/2020,8641.50,--,8693.73,8796.49,8624.63
04/22/2020,8664.63,--,8575.57,8708.48,8550.61
04/21/2020,8403.00,--,8639.74,8663.09,8359.84
04/20/2020,8726.51,--,8742.54,8855.18,8725.32
04/17/2020,8832.41,--,8876.66,8879.24,8704.38
04/16/2020,8757.83,--,8689.09,8793.35,8605.51
04/15/2020,8591.96,--,8548.47,8666.24,8500.56
04/14/2020,8692.16,--,8489.27,8708.55,8470.74
04/13/2020,8332.74,--,8209.68,8338.15,8158.58
04/09/2020,8238.53,--,8284.31,8334.23,8167.93
04/08/2020,8229.54,--,8134.30,8254.41,8058.41
04/07/2020,8049.31,--,8287.48,8305.59,8043.07
04/06/2020,8081.66,--,7819.06,8110.66,7763.09
04/03/2020,7528.11,--,7631.57,7673.49,7439.78
04/02/2020,7635.66,--,7445.88,7641.86,7432.28
04/01/2020,7486.29,--,7582.78,7701.68,7423.97
03/31/2020,7813.50,--,7855.74,8011.60,7765.45
03/30/2020,7889.01,--,7678.83,7902.09,7651.43
03/27/2020,7588.37,--,7657.44,7817.74,7580.22
03/26/2020,7897.13,--,7549.83,7913.11,7549.83
03/25/2020,7469.62,--,7543.96,7777.61,7390.41
03/24/2020,7553.82,--,7348.99,7555.91,7304.39
03/23/2020,7006.92,--,6952.71,7145.29,6771.91
03/20/2020,6994.29,--,7391.22,7487.83,6969.77
03/19/2020,7288.52,--,7190.21,7514.13,7037.47
03/18/2020,7175.18,--,7023.86,7336.88,6837.53
03/17/2020,7473.95,--,7198.53,7550.13,6959.15
03/16/2020,7020.38,--,7502.26,7563.45,6993.61
03/13/2020,7995.26,--,7683.04,7998.51,7301.88
03/12/2020,7263.65,--,7452.76,7808.31,7255.61
03/11/2020,8006.12,--,8166.26,8224.73,7900.99
03/10/2020,8372.27,--,8213.97,8376.44,7942.13
03/09/2020,7948.03,--,7912.14,8241.77,7912.14
03/06/2020,8530.34,--,8395.95,8571.88,8319.90
03/05/2020,8671.66,--,8713.19,8864.19,8613.91
03/04/2020,8949.28,--,8745.64,8952.11,8669.76
03/03/2020,8594.49,--,8892.68,9000.46,8516.58
03/02/2020,8877.98,--,8569.91,8879.39,8446.50
02/28/2020,8461.83,--,8133.85,8490.47,8133.85
02/27/2020,8436.67,--,8632.54,8786.68,8430.53
02/26/2020,8873.76,--,8883.01,9032.87,8813.92
02/25/2020,8834.87,--,9167.33,9183.78,8807.11
02/24/2020,9079.63,--,9055.30,9194.91,9028.87
02/21/2020,9446.69,--,9582.54,9594.00,9406.38
02/20/2020,9627.83,--,9696.66,9714.23,9513.23
02/19/2020,9718.73,--,9683.94,9736.57,9676.07
02/18/2020,9629.80,--,9567.27,9647.72,9567.27
02/14/2020,9623.58,--,9613.88,9634.75,9583.08
02/13/2020,9595.70,--,9540.67,9636.41,9532.74
02/12/2020,9613.20,--,9569.82,9615.90,9552.03
02/11/2020,9517.86,--,9567.81,9600.05,9493.63
02/10/2020,9516.84,--,9373.20,9517.74,9373.20
02/07/2020,9401.10,--,9397.77,9453.24,9376.91
02/06/2020,9445.92,--,9395.69,9448.72,9357.86
02/05/2020,9367.48,--,9441.34,9442.75,9311.88
02/04/2020,9334.06,--,9256.94,9352.96,9224.86
02/03/2020,9126.23,--,9033.52,9148.50,9031.07
01/31/2020,8991.51,--,9142.53,9170.22,8961.59
01/30/2020,9136.09,--,9038.92,9140.69,9019.72
01/29/2020,9101.61,--,9141.52,9153.08,9067.29
01/28/2020,9090.93,--,9013.23,9111.32,8994.28
01/27/2020,8952.18,--,8913.16,9001.44,8910.97
01/24/2020,9141.47,--,9266.35,9272.37,9101.44
01/23/2020,9216.98,--,9186.14,9221.13,9145.23
01/22/2020,9188.57,--,9212.35,9242.48,9179.27
01/21/2020,9166.63,--,9145.64,9187.42,9141.78
01/17/2020,9173.73,--,9159.48,9176.47,9118.98
01/16/2020,9125.00,--,9088.08,9126.07,9066.31
01/15/2020,9035.67,--,9039.31,9078.87,9008.95
01/14/2020,9033.42,--,9068.02,9080.16,9020.92
01/13/2020,9070.65,--,9007.94,9071.53,8991.35
01/10/2020,8966.64,--,9021.88,9024.87,8951.83
01/09/2020,8989.63,--,8990.04,9004.55,8938.53
01/08/2020,8912.37,--,8845.45,8953.55,8834.94
01/07/2020,8846.45,--,8857.14,8872.47,8821.68
01/06/2020,8848.52,--,8713.89,8849.98,8713.89
01/03/2020,8793.90,--,8755.17,8843.65,8755.17
01/02/2020,8872.22,--,8802.22,8873.63,8786.90
12/31/2019,8733.07,--,8681.33,8735.43,8674.38
12/30/2019,8709.73,--,8766.39,8768.29,8671.92
12/27/2019,8770.98,--,8805.86,8811.10,8749.86
12/26/2019,8778.31,--,8717.95,8778.33,8716.03
12/24/2019,8699.51,--,8705.30,8708.22,8684.12
12/23/2019,8696.01,--,8703.06,8710.90,8690.14
12/20/2019,8678.49,--,8666.57,8687.66,8656.48
12/19/2019,8641.29,--,8592.68,8642.74,8592.68
12/18/2019,8580.62,--,8587.20,8608.10,8578.56
12/17/2019,8575.70,--,8586.33,8592.45,8564.15
12/16/2019,8570.33,--,8544.26,8584.78,8542.42
12/13/2019,8487.71,--,8461.42,8517.52,8441.88
12/12/2019,8466.89,--,8391.91,8493.11,8380.09
12/11/2019,8402.61,--,8371.65,8408.08,8361.37
12/10/2019,8354.29,--,8364.55,8392.89,8339.37
12/09/2019,8362.74,--,8388.75,8425.77,8359.87
12/06/2019,8397.37,--,8370.23,8405.85,8365.25
12/05/2019,8308.40,--,8321.19,8321.19,8272.83
12/04/2019,8296.53,--,8291.86,8316.46,8285.88
12/03/2019,8254.74,--,8201.63,8258.40,8167.36
12/02/2019,8309.26,--,8409.87,8409.87,8274.61
11/29/2019,8403.68,--,8422.02,8435.96,8402.13
11/27/2019,8444.71,--,8407.23,8445.61,8399.63
11/26/2019,8385.75,--,8374.26,8398.04,8364.11
11/25/2019,8371.93,--,8309.55,8372.82,8309.55
11/22/2019,8272.05,--,8287.25,8292.11,8229.49
11/21/2019,8265.62,--,8273.95,8282.33,8242.22
11/20/2019,8283.75,--,8315.55,8339.26,8226.25
11/19/2019,8338.74,--,8357.43,8357.80,8308.28
11/18/2019,8328.48,--,8303.22,8340.41,8274.68
11/15/2019,8315.52,--,8303.84,8315.90,8284.20
11/14/2019,8257.83,--,8238.85,8264.94,8212.59
11/13/2019,8259.81,--,8235.68,8274.61,8233.38
11/12/2019,8263.79,--,8249.62,8293.18,8238.33
11/11/2019,8241.91,--,8212.37,8245.89,8202.36
11/08/2019,8255.89,--,8208.37,8256.29,8186.31
11/07/2019,8219.65,--,8237.68,8271.82,8198.91
11/06/2019,8196.03,--,8204.34,8204.34,8157.36
11/05/2019,8210.18,--,8225.35,8229.09,8191.05
11/04/2019,8210.66,--,8218.93,8228.33,8197.32
11/01/2019,8161.17,--,8121.95,8161.98,8111.73
10/31/2019,8083.83,--,8100.62,8110.44,8041.65
10/30/2019,8083.11,--,8056.90,8096.33,8017.92
10/29/2019,8047.51,--,8101.55,8108.61,8045.64
10/28/2019,8110.67,--,8071.39,8119.73,8070.90
10/25/2019,8029.22,--,7926.60,8033.29,7926.60
10/24/2019,7966.72,--,7956.23,7969.66,7912.72
10/23/2019,7889.47,--,7858.48,7890.21,7845.09
10/22/2019,7874.62,--,7968.25,7977.01,7871.98
10/21/2019,7940.33,--,7911.58,7941.48,7887.74
10/18/2019,7868.49,--,7938.30,7946.81,7829.75
10/17/2019,7942.14,--,7976.64,7981.14,7914.94
10/16/2019,7920.21,--,7911.99,7941.76,7898.31
10/15/2019,7942.85,--,7867.96,7960.14,7863.65
10/14/2019,7842.33,--,7834.74,7865.67,7827.16
10/11/2019,7843.87,--,7835.93,7904.05,7831.11
10/10/2019,7740.36,--,7688.42,7772.68,7682.61
10/09/2019,7690.53,--,7678.66,7717.94,7655.48
10/08/2019,7604.27,--,7671.38,7707.17,7603.76
10/07/2019,7725.13,--,7725.68,7784.79,7712.68
10/04/2019,7754.10,--,7677.33,7759.36,7670.92
10/03/2019,7638.39,--,7557.19,7640.42,7463.57
10/02/2019,7550.79,--,7627.59,7631.34,7513.69
10/01/2019,7684.14,--,7782.82,7821.72,7675.42
09/30/2019,7749.45,--,7705.97,7761.84,7693.49
09/27/2019,7681.58,--,7786.03,7790.80,7626.82
09/26/2019,7771.99,--,7794.28,7798.12,7718.69
09/25/2019,7803.54,--,7706.50,7822.43,7647.63
09/24/2019,7710.04,--,7855.97,7873.25,7684.80
09/23/2019,7818.61,--,7815.23,7842.98,7790.29
09/20/2019,7823.55,--,7901.46,7920.53,7794.27
09/19/2019,7901.79,--,7904.39,7950.21,7888.31
09/18/2019,7888.56,--,7877.58,7891.17,7791.58
09/17/2019,7888.79,--,7849.88,7891.21,7840.99
09/16/2019,7852.41,--,7833.73,7868.74,7831.76
09/13/2019,7892.95,--,7903.73,7923.41,7879.59
09/12/2019,7917.34,--,7931.96,7975.33,7907.33
09/11/2019,7887.58,--,7820.71,7888.34,7812.07
09/10/2019,7814.74,--,7793.28,7817.58,7743.61
09/09/2019,7832.40,--,7876.40,7877.41,7795.86
09/06/2019,7852.54,--,7868.87,7874.99,7835.89
09/05/2019,7862.54,--,7803.45,7879.97,7803.45
09/04/2019,7719.25,--,7683.78,7724.91,7663.64
09/03/2019,7609.51,--,7634.03,7670.17,7584.82
08/30/2019,7691.00,--,7743.23,7747.08,7642.90
08/29/2019,7702.31,--,7678.69,7723.94,7654.31
08/28/2019,7587.90,--,7536.70,7598.15,7500.22
08/27/2019,7566.03,--,7630.46,7640.68,7531.96
08/26/2019,7575.02,--,7540.69,7577.77,7506.17
08/23/2019,7464.99,--,7658.48,7722.43,7442.93
08/22/2019,7707.43,--,7750.98,7764.79,7649.28
08/21/2019,7733.22,--,7731.75,7754.66,7706.57
08/20/2019,7664.47,--,7708.31,7731.31,7664.21
08/19/2019,7719.32,--,7715.41,7740.74,7688.09
08/16/2019,7604.11,--,7548.90,7622.73,7548.90
08/15/2019,7484.89,--,7503.14,7523.50,7429.36
08/14/2019,7490.13,--,7594.64,7621.70,7480.58
08/13/2019,7728.15,--,7553.43,7778.34,7553.33
08/12/2019,7561.68,--,7597.19,7623.44,7528.95
08/09/2019,7646.27,--,7684.56,7709.50,7591.14
08/08/2019,7724.83,--,7608.03,7726.46,7576.82
08/07/2019,7551.90,--,7436.14,7569.90,7386.39
08/06/2019,7521.32,--,7492.02,7541.74,7432.31
08/05/2019,7415.69,--,7510.02,7528.90,7356.27
08/02/2019,7692.80,--,7740.91,7755.09,7645.18
08/01/2019,7801.15,--,7866.60,8000.94,7769.02
07/31/2019,7848.78,--,7972.76,7979.20,7774.93
07/30/2019,7952.47,--,7927.56,7983.11,7923.45
07/29/2019,7989.08,--,8010.05,8010.05,7939.98
07/26/2019,8016.95,--,7992.13,8027.18,7986.72
07/25/2019,7929.87,--,7979.14,7983.96,7921.21
07/24/2019,8010.60,--,7928.78,8010.83,7926.99
07/23/2019,7954.56,--,7946.05,7955.09,7895.05
07/22/2019,7905.12,--,7862.38,7918.47,7862.27
07/19/2019,7834.90,--,7944.86,7950.22,7832.39
07/18/2019,7904.13,--,7850.12,7912.33,7827.49
07/17/2019,7888.76,--,7927.91,7941.10,7887.98
07/16/2019,7927.08,--,7958.44,7965.76,7904.95
07/15/2019,7966.93,--,7961.07,7969.79,7940.45
07/12/2019,7943.24,--,7908.58,7944.08,7900.39
07/11/2019,7896.78,--,7918.65,7934.60,7873.16
07/10/2019,7903.40,--,7869.73,7923.93,7858.68
07/09/2019,7826.86,--,7748.29,7833.92,7748.23
07/08/2019,7785.79,--,7790.46,7792.20,7756.11
07/05/2019,7841.30,--,7806.07,7854.71,7774.59
07/03/2019,7857.69,--,7819.06,7857.69,7811.29
07/02/2019,7799.82,--,7763.03,7800.47,7746.01
07/01/2019,7768.14,--,7816.56,7820.81,7735.67
06/28/2019,7671.07,--,7674.52,7682.26,7639.44
06/27/2019,7657.05,--,7656.68,7672.98,7636.72
06/26/2019,7627.05,--,7642.92,7688.64,7616.91
06/25/2019,7591.54,--,7720.91,7723.04,7584.17
06/24/2019,7723.02,--,7737.00,7746.68,7720.78
06/21/2019,7728.78,--,7719.42,7772.53,7708.25
06/20/2019,7738.05,--,7770.17,7770.61,7681.43
06/19/2019,7667.74,--,7652.52,7681.56,7606.28
06/18/2019,7635.40,--,7606.61,7689.08,7595.59
06/17/2019,7526.52,--,7500.28,7546.99,7492.17
06/14/2019,7479.11,--,7476.47,7500.74,7454.87
06/13/2019,7510.68,--,7500.85,7530.91,7487.09
06/12/2019,7472.29,--,7493.55,7507.52,7459.20
06/11/2019,7513.85,--,7584.75,7595.57,7489.99
06/10/2019,7501.93,--,7472.60,7573.00,7468.17
06/07/2019,7417.29,--,7315.33,7445.99,7309.01
06/06/2019,7275.93,--,7229.86,7293.22,7201.59
06/05/2019,7220.90,--,7230.81,7235.23,7146.43
06/04/2019,7166.75,--,7056.18,7169.79,7023.09
06/03/2019,6978.02,--,7110.34,7126.43,6936.68
05/31/2019,7127.96,--,7148.71,7183.23,7125.97
05/30/2019,7245.40,--,7234.83,7262.77,7204.42
05/29/2019,7216.86,--,7222.55,7254.20,7176.67
05/28/2019,7278.38,--,7321.27,7362.29,7274.70
05/24/2019,7300.96,--,7353.97,7371.30,7294.10
05/23/2019,7307.93,--,7331.67,7337.47,7261.46
05/22/2019,7420.66,--,7413.84,7458.11,7410.71
05/21/2019,7451.02,--,7442.31,7472.71,7417.07
05/20/2019,7376.70,--,7391.73,7424.59,7351.92
05/17/2019,7503.68,--,7513.15,7605.67,7496.92
05/16/2019,7580.14,--,7509.90,7627.03,7502.76
05/15/2019,7503.25,--,7354.82,7524.22,7353.90
05/14/2019,7401.88,--,7366.64,7449.03,7337.94
05/13/2019,7324.13,--,7385.55,7433.92,7303.64
05/10/2019,7586.53,--,7556.04,7623.01,7426.75
05/09/2019,7582.75,--,7525.81,7605.03,7472.71
05/08/2019,7617.55,--,7623.32,7678.82,7593.75
05/07/2019,7640.15,--,7713.49,7743.06,7572.61
05/06/2019,7794.09,--,7662.92,7804.54,7662.92
05/03/2019,7845.73,--,7784.29,7847.52,7772.44
05/02/2019,7724.06,--,7751.64,7791.51,7672.54
05/01/2019,7751.85,--,7828.14,7851.03,7749.74
04/30/2019,7781.46,--,7769.30,7792.32,7726.07
04/29/2019,7839.04,--,7825.64,7851.85,7812.97
04/26/2019,7826.68,--,7791.15,7826.89,7742.60
04/25/2019,7816.92,--,7850.71,7851.97,7778.23
04/24/2019,7784.41,--,7813.02,7827.05,7783.59
04/23/2019,7810.71,--,7724.17,7819.34,7719.09
04/22/2019,7713.49,--,7658.37,7715.33,7653.89
04/18/2019,7689.72,--,7688.93,7694.18,7647.40
04/17/2019,7680.72,--,7705.32,7715.07,7659.85
04/16/2019,7654.73,--,7651.19,7670.40,7631.64
04/15/2019,7629.12,--,7630.60,7636.80,7578.54
04/12/2019,7628.15,--,7624.15,7630.52,7596.56
04/11/2019,7594.89,--,7621.40,7621.40,7580.71
04/10/2019,7611.49,--,7581.39,7613.41,7573.28
04/09/2019,7568.49,--,7571.88,7596.75,7555.62
04/08/2019,7599.74,--,7565.06,7602.08,7536.42
04/05/2019,7578.84,--,7564.27,7581.90,7554.91
04/04/2019,7540.57,--,7542.16,7571.13,7496.30
04/03/2019,7544.97,--,7538.17,7589.69,7520.40
04/02/2019,7499.64,--,7473.51,7507.05,7461.51
04/01/2019,7478.42,--,7450.81,7481.84,7422.44
03/29/2019,7378.77,--,7377.77,7381.69,7333.17
03/28/2019,7320.47,--,7325.06,7346.04,7277.69
03/27/2019,7308.19,--,7364.47,7376.99,7252.06
03/26/2019,7351.15,--,7378.23,7417.26,7314.38
03/25/2019,7316.96,--,7299.93,7342.51,7265.28
03/22/2019,7326.06,--,7458.44,7482.35,7323.52
03/21/2019,7493.27,--,7356.94,7505.41,7356.94
03/20/2019,7380.75,--,7348.99,7422.75,7318.42
03/19/2019,7349.28,--,7357.58,7390.29,7321.93
03/18/2019,7326.28,--,7311.63,7348.69,7293.85
03/15/2019,7306.99,--,7274.14,7331.29,7265.63
03/14/2019,7243.01,--,7257.31,7267.94,7240.96
03/13/2019,7256.98,--,7231.05,7292.86,7229.88
03/12/2019,7201.28,--,7176.23,7219.41,7166.95
03/11/2019,7164.02,--,7050.05,7166.92,7049.56
03/08/2019,7015.69,--,6940.90,7018.92,6940.72
03/07/2019,7026.88,--,7089.63,7097.91,7001.81
03/06/2019,7112.47,--,7156.24,7162.24,7104.55
03/05/2019,7156.79,--,7156.66,7178.30,7120.69
03/04/2019,7150.83,--,7193.88,7205.94,7073.40
03/01/2019,7151.57,--,7152.08,7159.96,7101.07
02/28/2019,7097.53,--,7093.20,7125.92,7081.92
02/27/2019,7117.00,--,7095.75,7125.78,7045.41
02/26/2019,7123.22,--,7098.97,7144.65,7087.14
02/25/2019,7115.43,--,7144.34,7161.73,7111.78
02/22/2019,7090.63,--,7055.20,7094.29,7050.01
02/21/2019,7035.16,--,7047.08,7063.07,7001.80
02/20/2019,7062.34,--,7070.24,7096.15,7027.37
02/19/2019,7066.61,--,7033.37,7089.10,7032.78
02/15/2019,7055.18,--,7066.38,7073.99,7022.30
02/14/2019,7022.42,--,6986.51,7047.88,6969.69
02/13/2019,7015.88,--,7038.32,7062.58,7009.73
02/12/2019,7014.67,--,6960.55,7021.76,6948.33
02/11/2019,6909.18,--,6941.26,6958.33,6893.80
02/08/2019,6913.13,--,6843.33,6914.56,6836.70
02/07/2019,6904.98,--,6934.33,6954.77,6854.35
02/06/2019,6997.62,--,7023.89,7034.94,6969.83
02/05/2019,7023.52,--,6969.37,7029.77,6967.94
02/04/2019,6959.96,--,6876.56,6960.97,6872.60
02/01/2019,6875.52,--,6872.73,6921.95,6857.31
01/31/2019,6906.84,--,6840.93,6936.34,6837.92
01/30/2019,6807.91,--,6708.56,6826.92,6688.33
01/29/2019,6632.79,--,6695.71,6701.47,6613.42
01/28/2019,6697.09,--,6691.84,6697.53,6644.31
01/25/2019,6787.37,--,6755.67,6800.97,6733.32
01/24/2019,6702.55,--,6680.34,6710.73,6656.52
01/23/2019,6658.76,--,6689.08,6712.86,6584.50
01/22/2019,6646.81,--,6736.65,6738.57,6603.56
01/18/2019,6784.61,--,6771.52,6816.23,6727.94
01/17/2019,6718.45,--,6646.19,6747.28,6637.10
01/16/2019,6668.56,--,6677.38,6720.41,6665.05
01/15/2019,6669.64,--,6571.15,6674.53,6567.32
01/14/2019,6541.04,--,6536.37,6566.87,6512.64
01/11/2019,6601.40,--,6579.89,6604.56,6562.04
01/10/2019,6620.94,--,6551.05,6625.11,6517.54
01/09/2019,6600.69,--,6576.54,6631.06,6549.44
01/08/2019,6551.85,--,6555.91,6574.73,6457.00
01/07/2019,6488.25,--,6434.55,6521.44,6412.98
01/04/2019,6422.67,--,6250.05,6445.20,6234.59
01/03/2019,6147.13,--,6274.76,6292.68,6139.40
01/02/2019,6360.87,--,6198.68,6394.74,6198.68
12/31/2018,6329.96,--,6354.84,6365.39,6273.94
12/28/2018,6285.27,--,6326.62,6388.36,6233.69
12/27/2018,6288.30,--,6168.60,6291.99,6043.45
12/26/2018,6262.77,--,5969.08,6263.82,5921.86
12/24/2018,5899.35,--,5994.08,6075.17,5895.12
12/21/2018,6046.56,--,6293.05,6308.31,6013.98
12/20/2018,6243.19,--,6312.72,6380.97,6161.85
12/19/2018,6342.97,--,6480.31,6575.39,6284.72
12/18/2018,6491.52,--,6503.12,6551.04,6434.60
12/17/2018,6448.39,--,6571.00,6621.63,6399.55
12/14/2018,6594.96,--,6679.91,6710.41,6585.31
12/13/2018,6767.97,--,6805.70,6833.78,6724.04
12/12/2018,6763.96,--,6800.55,6867.66,6761.78
12/11/2018,6704.24,--,6782.41,6788.47,6650.83
12/10/2018,6682.74,--,6603.36,6710.39,6534.33
12/07/2018,6613.27,--,6806.63,6849.38,6594.54
12/06/2018,6838.85,--,6652.13,6840.50,6630.82
12/04/2018,6795.21,--,7026.81,7045.68,6785.85
12/03/2018,7062.13,--,7106.84,7107.00,7013.20
11/30/2018,6949.01,--,6902.24,6951.13,6872.29
11/29/2018,6892.40,--,6890.84,6938.02,6839.45
11/28/2018,6913.33,--,6756.13,6914.79,6713.29
11/27/2018,6701.04,--,6639.39,6715.41,6609.08
11/26/2018,6678.34,--,6616.79,6679.91,6590.89
11/23/2018,6527.35,--,6525.02,6591.56,6524.55
11/21/2018,6575.66,--,6608.12,6639.37,6566.31
11/20/2018,6526.96,--,6475.68,6614.01,6442.36
11/19/2018,6642.92,--,6832.25,6841.44,6623.37
11/16/2018,6867.02,--,6823.03,6898.13,6797.43
11/15/2018,6890.45,--,6750.63,6908.83,6702.42
11/14/2018,6769.87,--,6896.20,6916.09,6736.18
11/13/2018,6830.91,--,6858.59,6951.44,6811.68
11/12/2018,6829.10,--,6990.37,6998.80,6819.38
11/09/2018,7039.15,--,7095.45,7104.39,6982.89
11/08/2018,7158.59,--,7176.19,7192.32,7125.14
11/07/2018,7203.13,--,7068.50,7205.96,7057.71
11/06/2018,6988.85,--,6939.13,7024.78,6928.00
11/05/2018,6937.09,--,6946.15,6952.93,6859.80
11/02/2018,6965.29,--,7042.30,7085.27,6909.07
11/01/2018,7069.17,--,6980.79,7071.84,6932.21
10/31/2018,6967.10,--,6933.11,7030.51,6924.09
10/30/2018,6810.12,--,6673.84,6816.27,6652.53
10/29/2018,6713.90,--,6954.69,6973.19,6574.75
10/26/2018,6852.40,--,6804.69,6976.94,6743.78
10/25/2018,7016.39,--,6891.27,7063.92,6866.75
10/24/2018,6789.15,--,7101.85,7117.34,6777.47
10/23/2018,7118.67,--,7002.69,7149.13,6933.56
10/22/2018,7141.21,--,7146.03,7193.72,7088.90
10/19/2018,7107.23,--,7169.45,7227.96,7080.74
10/18/2018,7116.09,--,7250.92,7251.54,7081.89
10/17/2018,7278.63,--,7310.00,7311.85,7205.76
10/16/2018,7276.43,--,7141.67,7291.26,7133.29
10/15/2018,7068.67,--,7129.31,7144.16,7047.47
10/12/2018,7157.21,--,7150.21,7179.04,7019.89
10/11/2018,6964.03,--,7013.48,7120.10,6892.89
10/10/2018,7044.50,--,7319.81,7329.24,7042.06
10/09/2018,7371.62,--,7352.44,7430.36,7339.86
10/08/2018,7352.82,--,7356.54,7415.54,7267.02
10/05/2018,7399.01,--,7482.04,7510.45,7327.44
10/04/2018,7490.00,--,7603.01,7608.24,7436.26
10/03/2018,7637.43,--,7663.09,7676.90,7625.60
10/02/2018,7628.28,--,7632.37,7685.36,7610.25
10/01/2018,7645.45,--,7673.00,7700.56,7627.47
09/28/2018,7627.65,--,7612.65,7649.30,7598.69
09/27/2018,7629.57,--,7600.35,7657.80,7596.96
09/26/2018,7563.09,--,7563.96,7637.62,7553.26
09/25/2018,7563.19,--,7552.02,7568.17,7525.19
09/24/2018,7548.75,--,7477.45,7554.95,7447.23
09/21/2018,7531.07,--,7587.39,7603.86,7522.12
09/20/2018,7569.03,--,7534.02,7582.43,7523.87
09/19/2018,7490.32,--,7498.24,7513.34,7441.56
09/18/2018,7494.40,--,7440.86,7531.20,7436.53
09/17/2018,7434.73,--,7522.59,7533.92,7427.79
09/14/2018,7545.50,--,7575.38,7581.30,7515.04
09/13/2018,7561.69,--,7535.23,7578.76,7531.66
09/12/2018,7488.06,--,7493.38,7501.24,7422.91
09/11/2018,7507.87,--,7415.09,7519.45,7401.72
09/10/2018,7447.68,--,7466.76,7473.75,7410.74
09/07/2018,7430.26,--,7402.19,7489.40,7400.99
09/06/2018,7453.17,--,7527.22,7532.30,7405.32
09/05/2018,7523.26,--,7600.95,7607.18,7498.38
09/04/2018,7622.32,--,7629.34,7643.45,7581.35
08/31/2018,7654.55,--,7634.44,7676.46,7628.54
08/30/2018,7642.67,--,7645.11,7691.10,7619.73
08/29/2018,7660.18,--,7585.13,7661.95,7583.52
08/28/2018,7570.25,--,7580.85,7588.72,7556.71
08/27/2018,7559.13,--,7527.37,7560.76,7512.02
08/24/2018,7485.40,--,7443.71,7489.54,7442.99
08/23/2018,7413.84,--,7420.31,7465.87,7405.40
08/22/2018,7424.60,--,7379.84,7434.48,7374.69
